<permissions>
  <privapp-permissions package="com.google.android.apps.work.oobconfig">
    <permission name="android.permission.ACCESS_NETWORK_STATE" />
  <permission name="android.permission.CHANGE_NETWORK_STATE" />
  <permission name="android.permission.CONNECTIVITY_INTERNAL" />
  <permission name="android.permission.DISPATCH_PROVISIONING_MESSAGE" />
  <permission name="android.permission.INTERNET" />
  <permission name="android.permission.MANAGE_USERS" />
  <permission name="android.permission.MASTER_CLEAR" />
  <permission name="android.permission.MODIFY_PHONE_STATE" />
  <permission name="android.permission.READ_PRIVILEGED_PHONE_STATE" />
  <permission name="android.permission.RECEIVE_BOOT_COMPLETED" />
  <permission name="android.permission.WAKE_LOCK" />
  <permission name="android.permission.WRITE_SECURE_SETTINGS" />
  <permission name="com.google.android.c2dm.permission.RECEIVE" />
  <permission name="com.google.android.providers.gsf.permission.READ_GSERVICES" />
  <permission name="com.google.android.apps.work.oobconfig.ACCESS_FILES" />
  <permission name="com.google.android.setupwizard.SETUP_COMPAT_SERVICE" />
  <permission name="android.permission.MANAGE_CARRIER_OEM_UNLOCK_STATE" />
  </privapp-permissions>
</permissions>
