<permissions>
  <privapp-permissions package="com.google.android.as">
    <permission name="android.permission.CAPTURE_MEDIA_OUTPUT" />
  <permission name="android.permission.MODIFY_AUDIO_ROUTING" />
  <permission name="android.permission.CAPTURE_VOICE_COMMUNICATION_OUTPUT" />
  <permission name="android.permission.CAPTURE_AUDIO_OUTPUT" />
  <permission name="android.permission.MODIFY_AUDIO_SETTINGS" />
  <permission name="android.permission.RECORD_AUDIO" />
  <permission name="android.permission.START_ACTIVITIES_FROM_BACKGROUND" />
  <permission name="android.permission.WRITE_SECURE_SETTINGS" />
  <permission name="android.permission.CAMERA" />
  <permission name="android.permission.READ_DEVICE_CONFIG" />
  <permission name="android.permission.UPDATE_DEVICE_STATS" />
  <permission name="android.permission.SUBSTITUTE_NOTIFICATION_APP_NAME" />
  <permission name="android.permission.FOREGROUND_SERVICE" />
  <permission name="android.permission.MODIFY_PHONE_STATE" />
  <permission name="android.permission.CONTROL_INCALL_EXPERIENCE" />
  <permission name="android.permission.READ_PHONE_STATE" />
  <permission name="android.permission.SYSTEM_ALERT_WINDOW" />
  <permission name="android.permission.ACCESS_COARSE_LOCATION" />
  <permission name="android.permission.ACCESS_BACKGROUND_LOCATION" />
  <permission name="android.permission.BLUETOOTH_ADMIN" />
  <permission name="android.permission.MANAGE_APP_PREDICTIONS" />
  <permission name="android.permission.ACCESS_WIFI_STATE" />
  <permission name="android.permission.ACCESS_FINE_LOCATION" />
  <permission name="android.permission.PACKAGE_USAGE_STATS" />
  <permission name="android.permission.ACCESS_SHORTCUTS" />
  <permission name="android.permission.UNLIMITED_SHORTCUTS_API_CALLS" />
  <permission name="android.permission.QUERY_ALL_PACKAGES" />
  <permission name="android.permission.READ_CALL_LOG" />
  <permission name="android.permission.READ_CONTACTS" />
  <permission name="android.permission.READ_SMS" />
  <permission name="com.google.android.apps.nexuslauncher.permission.HOTSEAT_EDU" />
  <permission name="android.permission.BLUETOOTH" />
  <permission name="android.permission.RECEIVE_BOOT_COMPLETED" />
  <permission name="com.google.android.ambientindication.permission.AMBIENT_INDICATION" />
  <permission name="android.permission.CAPTURE_AUDIO_HOTWORD" />
  <permission name="android.permission.MANAGE_SOUND_TRIGGER" />
  <permission name="android.permission.ACCESS_NETWORK_STATE" />
  <permission name="android.permission.LOCATION_HARDWARE" />
  <permission name="android.permission.EXEMPT_FROM_AUDIO_RECORD_RESTRICTIONS" />
  <permission name="com.google.android.setupwizard.SETUP_COMPAT_SERVICE" />
  <permission name="com.android.alarm.permission.SET_ALARM" />
  <permission name="android.permission.INTERNET" />
  <permission name="android.permission.READ_OEM_UNLOCK_STATE" />
  </privapp-permissions>
</permissions>
