<permissions>
  <privapp-permissions package="com.android.chrome">
    <permission name="android.permission.ACCESS_COARSE_LOCATION" />
  <permission name="android.permission.ACCESS_FINE_LOCATION" />
  <permission name="android.permission.ACCESS_NETWORK_STATE" />
  <permission name="android.permission.CAMERA" />
  <permission name="android.permission.CHANGE_NETWORK_STATE" />
  <permission name="android.permission.DOWNLOAD_WITHOUT_NOTIFICATION" />
  <permission name="android.permission.FOREGROUND_SERVICE" />
  <permission name="android.permission.GET_ACCOUNTS" />
  <permission name="android.permission.INTERNET" />
  <permission name="android.permission.MANAGE_ACCOUNTS" />
  <permission name="android.permission.MODIFY_AUDIO_SETTINGS" />
  <permission name="android.permission.NFC" />
  <permission name="android.permission.QUERY_ALL_PACKAGES" />
  <permission name="android.permission.READ_EXTERNAL_STORAGE" />
  <permission name="android.permission.READ_SYNC_SETTINGS" />
  <permission name="android.permission.READ_SYNC_STATS" />
  <permission name="android.permission.RECEIVE_BOOT_COMPLETED" />
  <permission name="android.permission.RECORD_AUDIO" />
  <permission name="android.permission.USE_CREDENTIALS" />
  <permission name="android.permission.VIBRATE" />
  <permission name="android.permission.WAKE_LOCK" />
  <permission name="android.permission.WRITE_EXTERNAL_STORAGE" />
  <permission name="android.permission.WRITE_SYNC_SETTINGS" />
  <permission name="com.android.chrome.permission.C2D_MESSAGE" />
  <permission name="com.android.chrome.permission.READ_WRITE_BOOKMARK_FOLDERS" />
  <permission name="com.android.chrome.TOS_ACKED" />
  <permission name="com.chrome.permission.DEVICE_EXTRAS" />
  <permission name="com.android.browser.permission.READ_HISTORY_BOOKMARKS" />
  <permission name="com.android.browser.permission.WRITE_HISTORY_BOOKMARKS" />
  <permission name="com.google.android.c2dm.permission.RECEIVE" />
  <permission name="com.android.launcher.permission.INSTALL_SHORTCUT" />
  <permission name="com.google.android.apps.now.CURRENT_ACCOUNT_ACCESS" />
  <permission name="com.google.android.providers.gsf.permission.READ_GSERVICES" />
  <permission name="com.sec.enterprise.knox.MDM_CONTENT_PROVIDER" />
  </privapp-permissions>
</permissions>
