<permissions>
  <privapp-permissions package="com.google.android.apps.nexuslauncher">
    <permission name="android.permission.VIEW_INSTANT_APPS" />
  <permission name="com.google.android.apps.nexuslauncher.permission.QSB" />
  <permission name="com.google.android.launcher.permission.READ_SETTINGS" />
  <permission name="com.google.android.apps.miphone.aiai.matchmaker.overview.service.BIND_SERVICE" />
  <permission name="com.google.android.as.allapps.SUGGESTION_CONSUMER" />
  <permission name="android.permission.WRITE_SECURE_SETTINGS" />
  <permission name="android.permission.WRITE_EXTERNAL_STORAGE" />
  <permission name="android.permission.READ_PHONE_STATE" />
  <permission name="android.permission.READ_EXTERNAL_STORAGE" />
  <permission name="android.permission.CALL_PHONE" />
  <permission name="android.permission.SET_WALLPAPER" />
  <permission name="android.permission.SET_WALLPAPER_HINTS" />
  <permission name="android.permission.BIND_APPWIDGET" />
  <permission name="android.permission.RECEIVE_BOOT_COMPLETED" />
  <permission name="android.permission.REQUEST_DELETE_PACKAGES" />
  <permission name="android.permission.READ_DEVICE_CONFIG" />
  <permission name="android.permission.QUERY_ALL_PACKAGES" />
  <permission name="com.google.android.apps.nexuslauncher.permission.READ_SETTINGS" />
  <permission name="com.google.android.apps.nexuslauncher.permission.WRITE_SETTINGS" />
  <permission name="android.permission.CONTROL_REMOTE_APP_TRANSITION_ANIMATIONS" />
  <permission name="android.permission.VIBRATE" />
  <permission name="com.google.android.apps.nexuslauncher.permission.HOTSEAT_EDU" />
  </privapp-permissions>
</permissions>
