<permissions>
  <privapp-permissions package="com.google.android.dialer">
    <permission name="android.permission.ACCESS_BACKGROUND_LOCATION" />
  <permission name="android.permission.ACCESS_COARSE_LOCATION" />
  <permission name="android.permission.ACCESS_FINE_LOCATION" />
  <permission name="android.permission.ACCESS_NETWORK_STATE" />
  <permission name="android.permission.ACCESS_NOTIFICATION_POLICY" />
  <permission name="android.permission.ACCESS_WIFI_STATE" />
  <permission name="android.permission.ALLOW_ANY_CODEC_FOR_PLAYBACK" />
  <permission name="android.permission.BLUETOOTH" />
  <permission name="android.permission.BLUETOOTH_ADMIN" />
  <permission name="android.permission.BLUETOOTH_ADVERTISE" />
  <permission name="android.permission.BLUETOOTH_CONNECT" />
  <permission name="android.permission.BLUETOOTH_SCAN" />
  <permission name="android.permission.CALL_PHONE" />
  <permission name="android.permission.CAMERA" />
  <permission name="android.permission.CAPTURE_AUDIO_OUTPUT" />
  <permission name="android.permission.CHANGE_NETWORK_STATE" />
  <permission name="android.permission.CONNECTIVITY_USE_RESTRICTED_NETWORKS" />
  <permission name="android.permission.CONTROL_INCALL_EXPERIENCE" />
  <permission name="android.permission.FOREGROUND_SERVICE" />
  <permission name="android.permission.GET_ACCOUNTS" />
  <permission name="android.permission.GET_ACCOUNTS_PRIVILEGED" />
  <permission name="android.permission.GET_PACKAGE_SIZE" />
  <permission name="android.permission.INTERACT_ACROSS_USERS" />
  <permission name="android.permission.INTERNET" />
  <permission name="android.permission.MANAGE_ACCOUNTS" />
  <permission name="android.permission.MODIFY_AUDIO_ROUTING" />
  <permission name="android.permission.MODIFY_AUDIO_SETTINGS" />
  <permission name="android.permission.MODIFY_PHONE_STATE" />
  <permission name="android.permission.NFC" />
  <permission name="android.permission.CAPTURE_VOICE_COMMUNICATION_OUTPUT" />
  <permission name="android.permission.READ_APP_BADGE" />
  <permission name="android.permission.READ_CALL_LOG" />
  <permission name="android.permission.READ_CONTACTS" />
  <permission name="android.permission.READ_PHONE_STATE" />
  <permission name="android.permission.READ_PHONE_NUMBERS" />
  <permission name="android.permission.READ_PRIVILEGED_PHONE_STATE" />
  <permission name="android.permission.READ_PROFILE" />
  <permission name="android.permission.READ_SYNC_SETTINGS" />
  <permission name="android.permission.RECEIVE_BOOT_COMPLETED" />
  <permission name="android.permission.RECEIVE_SMS" />
  <permission name="android.permission.RECORD_AUDIO" />
  <permission name="android.permission.SEND_SMS" />
  <permission name="android.permission.STATUS_BAR" />
  <permission name="android.permission.STOP_APP_SWITCHES" />
  <permission name="android.permission.SYSTEM_ALERT_WINDOW" />
  <permission name="android.permission.USE_CREDENTIALS" />
  <permission name="android.permission.USE_FULL_SCREEN_INTENT" />
  <permission name="android.permission.VIBRATE" />
  <permission name="android.permission.WAKE_LOCK" />
  <permission name="android.permission.WRITE_CALL_LOG" />
  <permission name="android.permission.WRITE_CONTACTS" />
  <permission name="android.permission.WRITE_EXTERNAL_STORAGE" />
  <permission name="android.permission.WRITE_SETTINGS" />
  <permission name="android.permission.WRITE_SECURE_SETTINGS" />
  <permission name="android.permission.QUERY_ALL_PACKAGES" />
  <permission name="com.anddoes.launcher.permission.UPDATE_COUNT" />
  <permission name="com.android.launcher.permission.INSTALL_SHORTCUT" />
  <permission name="com.android.voicemail.permission.ADD_VOICEMAIL" />
  <permission name="com.android.voicemail.permission.READ_VOICEMAIL" />
  <permission name="com.android.voicemail.permission.WRITE_VOICEMAIL" />
  <permission name="com.cequint.ecid.CALLER_ID_LOOKUP" />
  <permission name="com.google.android.providers.gsf.permission.READ_GSERVICES" />
  <permission name="com.htc.launcher.permission.READ_SETTINGS" />
  <permission name="com.htc.launcher.permission.UPDATE_SHORTCUT" />
  <permission name="com.huawei.android.launcher.permission.CHANGE_BADGE" />
  <permission name="com.huawei.android.launcher.permission.READ_SETTINGS" />
  <permission name="com.huawei.android.launcher.permission.WRITE_SETTINGS" />
  <permission name="com.majeur.launcher.permission.UPDATE_BADGE" />
  <permission name="com.motorola.android.permission.USERPREFERREDSIM" />
  <permission name="com.motorola.incallui.permission.INCOMING_CALL_VISIBILITY_CHANGED" />
  <permission name="com.oppo.launcher.permission.READ_SETTINGS" />
  <permission name="com.oppo.launcher.permission.WRITE_SETTINGS" />
  <permission name="com.sec.android.provider.badge.permission.READ" />
  <permission name="com.sec.android.provider.badge.permission.WRITE" />
  <permission name="com.sonyericsson.home.permission.BROADCAST_BADGE" />
  <permission name="com.sonymobile.home.permission.PROVIDER_INSERT_BADGE" />
  <permission name="android.permission.ACCESS_RCS_USER_CAPABILITY_EXCHANGE" />
  <permission name="com.google.android.apps.tycho#com.google.android.ims.providers.ACCESS_DATA" />
  <permission name="com.google.android.ims.receivers.FEEDBACK_SETTING" />
  </privapp-permissions>
</permissions>
